utc,fixture,elapsed_s,phase,station,target,frames,fps,p95_ms,p99_ms,max_ms,over_33ms,over_50ms,peak_enemies,battery_C,thermal,plugged,battery_percent,unity_alloc_MB,managed_MB,gc0,width,height
2026-10-09T05:24:57.3897430Z,1,10.01,Defense,1,60,602,59.91,16.70,16.73,33.30,0,0,5,29.60,0,2,100,101.82,8.98,152,2340,1080
2026-10-09T05:25:07.3951920Z,1,20.02,Defense,1,60,600,60.01,16.69,16.73,16.83,0,0,60,29.60,0,2,100,102.62,6.98,167,2340,1080
2026-10-09T05:25:17.4164770Z,1,30.03,Defense,1,60,601,60.01,16.70,16.74,16.78,0,0,60,29.60,0,2,100,102.31,8.81,179,2340,1080
2026-10-09T05:25:27.4256320Z,1,40.05,Defense,1,60,601,60.01,16.71,16.76,16.82,0,0,60,29.60,0,2,100,102.57,8.49,191,2340,1080
2026-10-09T05:25:37.4294530Z,1,50.05,Defense,1,60,600,59.91,16.73,16.80,33.34,1,0,60,29.60,0,2,100,102.78,7.74,202,2340,1080
2026-10-09T05:25:47.4385600Z,1,60.06,Defense,1,60,600,60.01,16.74,16.78,16.86,0,0,60,29.60,0,2,100,102.38,9.86,210,2340,1080
2026-10-09T05:25:57.4571780Z,1,70.08,DepartureWarning,1,60,601,60.01,16.70,16.74,16.77,0,0,60,29.60,0,2,100,102.45,8.50,220,2340,1080
2026-10-09T05:26:07.4691330Z,1,80.09,Hidden,1,60,601,60.01,16.71,16.75,16.80,0,0,60,29.60,0,2,100,102.54,7.15,227,2340,1080
2026-10-09T05:26:17.4851860Z,1,90.11,Approach,2,60,601,60.01,16.71,16.76,16.83,0,0,39,29.60,0,2,100,102.12,8.33,235,2340,1080
2026-10-09T05:26:27.4958410Z,1,100.12,Defense,2,60,600,59.91,16.72,16.81,33.33,0,0,60,29.60,0,2,100,102.36,7.28,243,2340,1080
2026-10-09T05:26:37.5107450Z,1,110.13,Defense,2,60,600,59.91,16.76,16.86,33.37,1,0,60,29.60,0,2,100,102.80,9.08,253,2340,1080
2026-10-09T05:26:47.5280790Z,1,120.15,Defense,2,60,601,60.01,16.74,16.81,16.91,0,0,60,29.60,0,2,100,102.08,7.62,263,2340,1080
2026-10-09T05:26:57.5401690Z,1,130.16,Defense,2,60,601,60.01,16.75,16.82,17.11,0,0,60,29.60,0,2,100,102.62,9.87,271,2340,1080
2026-10-09T05:27:07.5579110Z,1,140.18,Defense,2,60,601,60.01,16.74,16.83,16.91,0,0,60,29.60,0,2,100,102.84,8.58,281,2340,1080
2026-10-09T05:27:17.5742430Z,1,150.20,Defense,2,60,601,60.01,16.73,16.80,16.87,0,0,60,29.60,0,2,100,102.07,7.19,290,2340,1080
2026-10-09T05:27:27.5821380Z,1,160.20,Departing,2,60,600,60.01,16.71,16.75,16.78,0,0,60,29.60,0,2,100,102.66,9.38,299,2340,1080
2026-10-09T05:27:37.5954020Z,1,170.21,Hidden,2,60,601,60.01,16.71,16.76,16.83,0,0,52,29.60,0,2,100,102.48,7.20,305,2340,1080
2026-10-09T05:27:47.6104490Z,1,180.23,Defense,3,60,600,59.91,16.70,16.74,33.36,1,0,49,29.60,0,2,100,102.33,8.89,314,2340,1080
2026-10-09T05:27:57.6241340Z,1,190.25,Defense,3,60,601,60.01,16.70,16.72,16.76,0,0,60,29.60,0,2,100,102.45,7.47,323,2340,1080
2026-10-09T05:28:07.6402240Z,1,200.26,Defense,3,60,601,60.01,16.71,16.76,50.17,1,1,60,29.60,0,2,100,102.64,9.25,334,2340,1080
2026-10-09T05:28:17.6559390Z,1,210.28,Defense,3,60,601,60.01,16.70,16.75,16.78,0,0,60,29.60,0,2,100,102.20,8.08,343,2340,1080
2026-10-09T05:28:27.6721590Z,1,220.29,Defense,3,60,601,60.01,16.69,16.74,16.77,0,0,60,29.60,0,2,100,102.55,7.62,358,2340,1080
2026-10-09T05:28:37.6846320Z,1,230.31,Defense,3,60,601,60.01,16.70,16.76,16.82,0,0,60,29.60,0,2,100,102.12,7.58,373,2340,1080
2026-10-09T05:28:47.6886350Z,1,240.31,DepartureWarning,3,60,600,60.01,16.69,16.74,16.83,0,0,60,29.60,0,2,100,102.46,7.24,386,2340,1080
2026-10-09T05:28:57.6938290Z,1,250.31,Hidden,3,60,600,59.91,16.72,16.80,33.33,0,0,59,29.60,0,2,100,102.86,9.13,397,2340,1080
2026-10-09T05:29:07.7070270Z,1,260.33,Approach,4,60,601,60.01,16.72,16.82,17.22,0,0,47,29.60,0,2,100,102.24,7.89,403,2340,1080
2026-10-09T05:29:17.7288950Z,1,270.35,Defense,4,60,601,60.01,16.75,16.83,17.05,0,0,57,29.60,0,2,100,102.35,9.04,413,2340,1080
2026-10-09T05:29:27.7408420Z,1,280.36,Defense,4,60,599,59.91,16.71,16.81,33.30,0,0,60,29.60,0,2,100,102.62,7.64,422,2340,1080
2026-10-09T05:29:37.7621330Z,1,290.38,Defense,4,60,596,59.41,16.69,33.31,33.34,1,0,60,29.60,0,2,100,102.39,9.79,430,2340,1080
2026-10-09T05:29:47.7871540Z,1,300.41,Defense,4,60,601,60.01,16.69,16.71,16.75,0,0,60,29.60,0,2,100,102.44,8.31,440,2340,1080
2026-10-09T05:29:57.7945880Z,1,310.42,Defense,4,60,601,60.01,16.71,16.76,16.81,0,0,60,29.60,0,2,100,102.56,7.15,448,2340,1080
2026-10-09T05:30:07.8112000Z,1,320.43,Defense,4,60,601,60.01,16.70,16.74,16.79,0,0,60,29.60,0,2,100,102.33,8.84,458,2340,1080
2026-10-09T05:30:17.8264290Z,1,330.45,Departing,4,60,600,59.91,16.69,16.72,33.31,0,0,60,29.60,0,2,100,102.34,7.43,467,2340,1080
2026-10-09T05:30:27.8390070Z,1,340.46,Hidden,4,60,601,60.01,16.70,16.73,16.77,0,0,42,29.60,0,2,100,102.55,8.65,474,2340,1080
2026-10-09T05:30:37.8564020Z,1,350.48,Defense,5,60,601,60.01,16.70,16.75,16.81,0,0,42,29.60,0,2,100,102.09,7.39,481,2340,1080
2026-10-09T05:30:47.8739120Z,1,360.49,Defense,5,60,600,59.91,16.69,16.74,33.29,0,0,59,29.60,0,2,100,102.45,8.92,491,2340,1080
2026-10-09T05:30:57.8896100Z,1,370.51,Defense,5,60,601,60.01,16.70,16.75,16.79,0,0,60,29.60,0,2,100,102.62,7.54,500,2340,1080
2026-10-09T05:31:07.9023260Z,1,380.52,Defense,5,60,601,60.01,16.70,16.74,16.77,0,0,60,29.60,0,2,100,102.12,9.07,509,2340,1080
2026-10-09T05:31:17.9209490Z,1,390.54,Defense,5,60,601,60.01,16.70,16.74,16.82,0,0,60,29.60,0,2,100,102.55,8.37,518,2340,1080
2026-10-09T05:31:27.9364080Z,1,400.56,Defense,5,60,601,60.01,16.71,16.76,16.87,0,0,60,29.60,0,2,100,102.80,9.99,526,2340,1080
2026-10-09T05:31:37.9445410Z,1,410.57,DepartureWarning,5,60,601,60.01,16.71,16.75,16.81,0,0,60,29.60,0,2,100,102.23,8.45,536,2340,1080
2026-10-09T05:31:47.9499550Z,1,420.57,Hidden,5,60,599,59.91,16.71,16.76,33.32,0,0,60,29.60,0,2,100,102.45,9.73,543,2340,1080
2026-10-09T05:31:57.9640440Z,1,430.59,Approach,6,60,601,60.01,16.72,16.77,16.82,0,0,44,29.60,0,2,100,102.72,8.15,550,2340,1080
2026-10-09T05:32:07.9797130Z,1,440.60,Defense,6,60,601,60.01,16.71,16.75,16.84,0,0,60,29.60,0,2,100,102.27,9.54,559,2340,1080
2026-10-09T05:32:17.9969870Z,1,450.62,Defense,6,60,601,60.01,16.70,16.75,16.81,0,0,60,29.60,0,2,100,102.59,8.71,569,2340,1080
2026-10-09T05:32:28.0137470Z,1,460.63,Defense,6,60,601,60.01,16.72,16.78,16.87,0,0,60,29.60,0,2,100,102.85,7.71,577,2340,1080
2026-10-09T05:32:38.0301030Z,1,470.65,Defense,6,60,600,59.91,16.70,16.75,33.32,0,0,60,29.60,0,2,100,102.41,9.30,587,2340,1080
2026-10-09T05:32:48.0423870Z,1,480.66,Defense,6,60,601,60.01,16.71,16.75,17.32,0,0,60,29.60,0,2,100,102.62,8.34,596,2340,1080
2026-10-09T05:32:58.0609360Z,1,490.68,Defense,6,60,601,60.01,16.70,16.74,16.83,0,0,60,29.60,0,2,100,102.62,9.40,605,2340,1080
2026-10-09T05:33:08.0673900Z,1,500.69,Departing,6,60,601,60.01,16.71,16.75,16.79,0,0,60,29.60,0,2,100,102.31,8.33,614,2340,1080
2026-10-09T05:33:18.0732450Z,1,510.69,Hidden,6,60,599,59.91,16.72,16.78,33.32,0,0,49,29.60,0,2,100,102.67,9.83,620,2340,1080
2026-10-09T05:33:28.0860350Z,1,520.71,Defense,7,60,601,60.01,16.72,16.79,16.86,0,0,45,29.60,0,2,100,102.51,7.60,629,2340,1080
2026-10-09T05:33:38.0962720Z,1,530.72,Defense,7,60,600,59.91,16.73,16.80,33.31,0,0,60,29.60,0,2,100,102.48,9.86,637,2340,1080
2026-10-09T05:33:48.1143030Z,1,540.73,Defense,7,60,601,60.01,16.72,16.78,16.92,0,0,60,29.60,0,2,100,102.44,8.28,647,2340,1080
2026-10-09T05:33:58.1293170Z,1,550.75,Defense,7,60,601,60.01,16.77,16.90,17.00,0,0,60,29.60,0,2,100,102.63,9.70,655,2340,1080
2026-10-09T05:34:08.1449490Z,1,560.76,Defense,7,60,601,60.01,16.75,16.85,17.18,0,0,60,29.60,0,2,100,102.25,8.55,665,2340,1080
2026-10-09T05:34:18.1602960Z,1,570.78,Defense,7,60,601,60.01,16.76,16.81,16.91,0,0,60,29.60,0,2,100,102.54,7.74,673,2340,1080
2026-10-09T05:34:28.1746630Z,1,580.80,DepartureWarning,7,60,601,60.01,16.72,16.76,16.89,0,0,60,29.60,0,2,100,102.67,8.99,683,2340,1080
2026-10-09T05:34:38.1895610Z,1,590.81,Hidden,7,60,600,59.91,16.75,16.82,33.33,0,0,59,29.60,0,2,100,102.11,7.42,691,2340,1080
2026-10-09T05:34:47.3917260Z,1,600.01,Approach,8,60,551,59.90,16.74,16.82,33.33,0,0,38,29.60,0,2,100,102.54,9.10,697,2340,1080
