wagon,doorCount,kind,name,centerX,centerY,centerZ,sizeX,sizeY,sizeZ,blocksShots,blocksMovement
wagon-a,4,window_clear_opening,Window south 0,-5.263,1.15,-2.1,0.995,0.9,0.18,false,true
wagon-a,4,window_clear_opening,Window south 1,-1.93,1.15,-2.1,1.81,0.9,0.18,false,true
wagon-a,4,window_clear_opening,Window south 2,0,1.15,-2.1,1.81,0.9,0.18,false,true
wagon-a,4,window_clear_opening,Window south 3,1.93,1.15,-2.1,1.81,0.9,0.18,false,true
wagon-a,4,window_clear_opening,Window south 4,5.263,1.15,-2.1,0.995,0.9,0.18,false,true
wagon-a,4,window_clear_opening,Window north 5,-5.263,1.15,2.1,0.995,0.9,0.18,false,true
wagon-a,4,window_clear_opening,Window north 6,-1.93,1.15,2.1,1.81,0.9,0.18,false,true
wagon-a,4,window_clear_opening,Window north 7,0,1.15,2.1,1.81,0.9,0.18,false,true
wagon-a,4,window_clear_opening,Window north 8,1.93,1.15,2.1,1.81,0.9,0.18,false,true
wagon-a,4,window_clear_opening,Window north 9,5.263,1.15,2.1,0.995,0.9,0.18,false,true
wagon-a,4,physics_box,Floor collider,0,-0.12,0,12,0.24,4.2,true,true
wagon-a,4,physics_box,End wall collider,-5.9,1.05,0,0.2,2.1,4.2,true,true
wagon-a,4,physics_box,End wall collider,5.9,1.05,0,0.2,2.1,4.2,true,true
wagon-a,4,physics_box,Movement blocker,-3.8,1.1,-2.1,1.45,2.2,0.16,false,true
wagon-a,4,physics_box,Lower panel,-3.8,0.3,-2.1,1.45,0.6,0.16,true,true
wagon-a,4,physics_box,Door jamb collider,-4.56,1.05,-2.1,0.07,2.1,0.18,true,true
wagon-a,4,physics_box,Door jamb collider,-3.04,1.05,-2.1,0.07,2.1,0.18,true,true
wagon-a,4,physics_box,Door top frame collider,-3.8,2.05,-2.1,1.45,0.1,0.18,true,true
wagon-a,4,physics_box,Sill,-3.8,-0.1,-2.2,1.45,0.2,0.25,true,true
wagon-a,4,physics_box,Movement blocker,-3.8,1.1,2.1,1.45,2.2,0.16,false,true
wagon-a,4,physics_box,Lower panel,-3.8,0.3,2.1,1.45,0.6,0.16,true,true
wagon-a,4,physics_box,Door jamb collider,-4.56,1.05,2.1,0.07,2.1,0.18,true,true
wagon-a,4,physics_box,Door jamb collider,-3.04,1.05,2.1,0.07,2.1,0.18,true,true
wagon-a,4,physics_box,Door top frame collider,-3.8,2.05,2.1,1.45,0.1,0.18,true,true
wagon-a,4,physics_box,Sill,-3.8,-0.1,2.2,1.45,0.2,0.25,true,true
wagon-a,4,physics_box,Movement blocker,3.8,1.1,-2.1,1.45,2.2,0.16,false,true
wagon-a,4,physics_box,Lower panel,3.8,0.3,-2.1,1.45,0.6,0.16,true,true
wagon-a,4,physics_box,Door jamb collider,3.04,1.05,-2.1,0.07,2.1,0.18,true,true
wagon-a,4,physics_box,Door jamb collider,4.56,1.05,-2.1,0.07,2.1,0.18,true,true
wagon-a,4,physics_box,Door top frame collider,3.8,2.05,-2.1,1.45,0.1,0.18,true,true
wagon-a,4,physics_box,Sill,3.8,-0.1,-2.2,1.45,0.2,0.25,true,true
wagon-a,4,physics_box,Movement blocker,3.8,1.1,2.1,1.45,2.2,0.16,false,true
wagon-a,4,physics_box,Lower panel,3.8,0.3,2.1,1.45,0.6,0.16,true,true
wagon-a,4,physics_box,Door jamb collider,3.04,1.05,2.1,0.07,2.1,0.18,true,true
wagon-a,4,physics_box,Door jamb collider,4.56,1.05,2.1,0.07,2.1,0.18,true,true
wagon-a,4,physics_box,Door top frame collider,3.8,2.05,2.1,1.45,0.1,0.18,true,true
wagon-a,4,physics_box,Sill,3.8,-0.1,2.2,1.45,0.2,0.25,true,true
wagon-a,4,physics_box,Window wall movement boundary,-5.263,1.05,-2.1,1.475,2.1,0.18,false,true
wagon-a,4,physics_box,Window lower metal collider,-5.263,0.35,-2.1,1.475,0.7,0.18,true,true
wagon-a,4,physics_box,Window upper metal collider,-5.263,1.85,-2.1,1.475,0.5,0.18,true,true
wagon-a,4,physics_box,Window edge post collider,-5.88,1.05,-2.1,0.24,2.1,0.18,true,true
wagon-a,4,physics_box,Window edge post collider,-4.645,1.05,-2.1,0.24,2.1,0.18,true,true
wagon-a,4,physics_box,Window wall movement boundary,0,1.05,-2.1,6.15,2.1,0.18,false,true
wagon-a,4,physics_box,Window lower metal collider,0,0.35,-2.1,6.15,0.7,0.18,true,true
wagon-a,4,physics_box,Window upper metal collider,0,1.85,-2.1,6.15,0.5,0.18,true,true
wagon-a,4,physics_box,Window edge post collider,-2.955,1.05,-2.1,0.24,2.1,0.18,true,true
wagon-a,4,physics_box,Window edge post collider,2.955,1.05,-2.1,0.24,2.1,0.18,true,true
wagon-a,4,physics_box,Window middle post collider,-0.965,1.05,-2.1,0.12,2.1,0.18,true,true
wagon-a,4,physics_box,Window middle post collider,0.965,1.05,-2.1,0.12,2.1,0.18,true,true
wagon-a,4,physics_box,Window wall movement boundary,5.263,1.05,-2.1,1.475,2.1,0.18,false,true
wagon-a,4,physics_box,Window lower metal collider,5.263,0.35,-2.1,1.475,0.7,0.18,true,true
wagon-a,4,physics_box,Window upper metal collider,5.263,1.85,-2.1,1.475,0.5,0.18,true,true
wagon-a,4,physics_box,Window edge post collider,4.645,1.05,-2.1,0.24,2.1,0.18,true,true
wagon-a,4,physics_box,Window edge post collider,5.88,1.05,-2.1,0.24,2.1,0.18,true,true
wagon-a,4,physics_box,Window wall movement boundary,-5.263,1.05,2.1,1.475,2.1,0.18,false,true
wagon-a,4,physics_box,Window lower metal collider,-5.263,0.35,2.1,1.475,0.7,0.18,true,true
wagon-a,4,physics_box,Window upper metal collider,-5.263,1.85,2.1,1.475,0.5,0.18,true,true
wagon-a,4,physics_box,Window edge post collider,-5.88,1.05,2.1,0.24,2.1,0.18,true,true
wagon-a,4,physics_box,Window edge post collider,-4.645,1.05,2.1,0.24,2.1,0.18,true,true
wagon-a,4,physics_box,Window wall movement boundary,0,1.05,2.1,6.15,2.1,0.18,false,true
wagon-a,4,physics_box,Window lower metal collider,0,0.35,2.1,6.15,0.7,0.18,true,true
wagon-a,4,physics_box,Window upper metal collider,0,1.85,2.1,6.15,0.5,0.18,true,true
wagon-a,4,physics_box,Window edge post collider,-2.955,1.05,2.1,0.24,2.1,0.18,true,true
wagon-a,4,physics_box,Window edge post collider,2.955,1.05,2.1,0.24,2.1,0.18,true,true
wagon-a,4,physics_box,Window middle post collider,-0.965,1.05,2.1,0.12,2.1,0.18,true,true
wagon-a,4,physics_box,Window middle post collider,0.965,1.05,2.1,0.12,2.1,0.18,true,true
wagon-a,4,physics_box,Window wall movement boundary,5.263,1.05,2.1,1.475,2.1,0.18,false,true
wagon-a,4,physics_box,Window lower metal collider,5.263,0.35,2.1,1.475,0.7,0.18,true,true
wagon-a,4,physics_box,Window upper metal collider,5.263,1.85,2.1,1.475,0.5,0.18,true,true
wagon-a,4,physics_box,Window edge post collider,4.645,1.05,2.1,0.24,2.1,0.18,true,true
wagon-a,4,physics_box,Window edge post collider,5.88,1.05,2.1,0.24,2.1,0.18,true,true
wagon-b,5,window_clear_opening,Window south 0,-5.263,1.15,-2.1,0.995,0.9,0.18,false,true
wagon-b,5,window_clear_opening,Window south 1,-1.9,1.15,-2.1,1.87,0.9,0.18,false,true
wagon-b,5,window_clear_opening,Window south 2,1.9,1.15,-2.1,1.87,0.9,0.18,false,true
wagon-b,5,window_clear_opening,Window south 3,5.263,1.15,-2.1,0.995,0.9,0.18,false,true
wagon-b,5,window_clear_opening,Window north 4,-5.263,1.15,2.1,0.995,0.9,0.18,false,true
wagon-b,5,window_clear_opening,Window north 5,-1.93,1.15,2.1,1.81,0.9,0.18,false,true
wagon-b,5,window_clear_opening,Window north 6,0,1.15,2.1,1.81,0.9,0.18,false,true
wagon-b,5,window_clear_opening,Window north 7,1.93,1.15,2.1,1.81,0.9,0.18,false,true
wagon-b,5,window_clear_opening,Window north 8,5.263,1.15,2.1,0.995,0.9,0.18,false,true
wagon-b,5,physics_box,Floor collider,0,-0.12,0,12,0.24,4.2,true,true
wagon-b,5,physics_box,End wall collider,-5.9,1.05,0,0.2,2.1,4.2,true,true
wagon-b,5,physics_box,End wall collider,5.9,1.05,0,0.2,2.1,4.2,true,true
wagon-b,5,physics_box,Movement blocker,-3.8,1.1,-2.1,1.45,2.2,0.16,false,true
wagon-b,5,physics_box,Lower panel,-3.8,0.3,-2.1,1.45,0.6,0.16,true,true
wagon-b,5,physics_box,Door jamb collider,-4.56,1.05,-2.1,0.07,2.1,0.18,true,true
wagon-b,5,physics_box,Door jamb collider,-3.04,1.05,-2.1,0.07,2.1,0.18,true,true
wagon-b,5,physics_box,Door top frame collider,-3.8,2.05,-2.1,1.45,0.1,0.18,true,true
wagon-b,5,physics_box,Sill,-3.8,-0.1,-2.2,1.45,0.2,0.25,true,true
wagon-b,5,physics_box,Movement blocker,-3.8,1.1,2.1,1.45,2.2,0.16,false,true
wagon-b,5,physics_box,Lower panel,-3.8,0.3,2.1,1.45,0.6,0.16,true,true
wagon-b,5,physics_box,Door jamb collider,-4.56,1.05,2.1,0.07,2.1,0.18,true,true
wagon-b,5,physics_box,Door jamb collider,-3.04,1.05,2.1,0.07,2.1,0.18,true,true
wagon-b,5,physics_box,Door top frame collider,-3.8,2.05,2.1,1.45,0.1,0.18,true,true
wagon-b,5,physics_box,Sill,-3.8,-0.1,2.2,1.45,0.2,0.25,true,true
wagon-b,5,physics_box,Movement blocker,0,1.1,-2.1,1.45,2.2,0.16,false,true
wagon-b,5,physics_box,Lower panel,0,0.3,-2.1,1.45,0.6,0.16,true,true
wagon-b,5,physics_box,Door jamb collider,-0.76,1.05,-2.1,0.07,2.1,0.18,true,true
wagon-b,5,physics_box,Door jamb collider,0.76,1.05,-2.1,0.07,2.1,0.18,true,true
wagon-b,5,physics_box,Door top frame collider,0,2.05,-2.1,1.45,0.1,0.18,true,true
wagon-b,5,physics_box,Sill,0,-0.1,-2.2,1.45,0.2,0.25,true,true
wagon-b,5,physics_box,Movement blocker,3.8,1.1,-2.1,1.45,2.2,0.16,false,true
wagon-b,5,physics_box,Lower panel,3.8,0.3,-2.1,1.45,0.6,0.16,true,true
wagon-b,5,physics_box,Door jamb collider,3.04,1.05,-2.1,0.07,2.1,0.18,true,true
wagon-b,5,physics_box,Door jamb collider,4.56,1.05,-2.1,0.07,2.1,0.18,true,true
wagon-b,5,physics_box,Door top frame collider,3.8,2.05,-2.1,1.45,0.1,0.18,true,true
wagon-b,5,physics_box,Sill,3.8,-0.1,-2.2,1.45,0.2,0.25,true,true
wagon-b,5,physics_box,Movement blocker,3.8,1.1,2.1,1.45,2.2,0.16,false,true
wagon-b,5,physics_box,Lower panel,3.8,0.3,2.1,1.45,0.6,0.16,true,true
wagon-b,5,physics_box,Door jamb collider,3.04,1.05,2.1,0.07,2.1,0.18,true,true
wagon-b,5,physics_box,Door jamb collider,4.56,1.05,2.1,0.07,2.1,0.18,true,true
wagon-b,5,physics_box,Door top frame collider,3.8,2.05,2.1,1.45,0.1,0.18,true,true
wagon-b,5,physics_box,Sill,3.8,-0.1,2.2,1.45,0.2,0.25,true,true
wagon-b,5,physics_box,Window wall movement boundary,-5.263,1.05,-2.1,1.475,2.1,0.18,false,true
wagon-b,5,physics_box,Window lower metal collider,-5.263,0.35,-2.1,1.475,0.7,0.18,true,true
wagon-b,5,physics_box,Window upper metal collider,-5.263,1.85,-2.1,1.475,0.5,0.18,true,true
wagon-b,5,physics_box,Window edge post collider,-5.88,1.05,-2.1,0.24,2.1,0.18,true,true
wagon-b,5,physics_box,Window edge post collider,-4.645,1.05,-2.1,0.24,2.1,0.18,true,true
wagon-b,5,physics_box,Window wall movement boundary,-1.9,1.05,-2.1,2.35,2.1,0.18,false,true
wagon-b,5,physics_box,Window lower metal collider,-1.9,0.35,-2.1,2.35,0.7,0.18,true,true
wagon-b,5,physics_box,Window upper metal collider,-1.9,1.85,-2.1,2.35,0.5,0.18,true,true
wagon-b,5,physics_box,Window edge post collider,-2.955,1.05,-2.1,0.24,2.1,0.18,true,true
wagon-b,5,physics_box,Window edge post collider,-0.845,1.05,-2.1,0.24,2.1,0.18,true,true
wagon-b,5,physics_box,Window wall movement boundary,1.9,1.05,-2.1,2.35,2.1,0.18,false,true
wagon-b,5,physics_box,Window lower metal collider,1.9,0.35,-2.1,2.35,0.7,0.18,true,true
wagon-b,5,physics_box,Window upper metal collider,1.9,1.85,-2.1,2.35,0.5,0.18,true,true
wagon-b,5,physics_box,Window edge post collider,0.845,1.05,-2.1,0.24,2.1,0.18,true,true
wagon-b,5,physics_box,Window edge post collider,2.955,1.05,-2.1,0.24,2.1,0.18,true,true
wagon-b,5,physics_box,Window wall movement boundary,5.263,1.05,-2.1,1.475,2.1,0.18,false,true
wagon-b,5,physics_box,Window lower metal collider,5.263,0.35,-2.1,1.475,0.7,0.18,true,true
wagon-b,5,physics_box,Window upper metal collider,5.263,1.85,-2.1,1.475,0.5,0.18,true,true
wagon-b,5,physics_box,Window edge post collider,4.645,1.05,-2.1,0.24,2.1,0.18,true,true
wagon-b,5,physics_box,Window edge post collider,5.88,1.05,-2.1,0.24,2.1,0.18,true,true
wagon-b,5,physics_box,Window wall movement boundary,-5.263,1.05,2.1,1.475,2.1,0.18,false,true
wagon-b,5,physics_box,Window lower metal collider,-5.263,0.35,2.1,1.475,0.7,0.18,true,true
wagon-b,5,physics_box,Window upper metal collider,-5.263,1.85,2.1,1.475,0.5,0.18,true,true
wagon-b,5,physics_box,Window edge post collider,-5.88,1.05,2.1,0.24,2.1,0.18,true,true
wagon-b,5,physics_box,Window edge post collider,-4.645,1.05,2.1,0.24,2.1,0.18,true,true
wagon-b,5,physics_box,Window wall movement boundary,0,1.05,2.1,6.15,2.1,0.18,false,true
wagon-b,5,physics_box,Window lower metal collider,0,0.35,2.1,6.15,0.7,0.18,true,true
wagon-b,5,physics_box,Window upper metal collider,0,1.85,2.1,6.15,0.5,0.18,true,true
wagon-b,5,physics_box,Window edge post collider,-2.955,1.05,2.1,0.24,2.1,0.18,true,true
wagon-b,5,physics_box,Window edge post collider,2.955,1.05,2.1,0.24,2.1,0.18,true,true
wagon-b,5,physics_box,Window middle post collider,-0.965,1.05,2.1,0.12,2.1,0.18,true,true
wagon-b,5,physics_box,Window middle post collider,0.965,1.05,2.1,0.12,2.1,0.18,true,true
wagon-b,5,physics_box,Window wall movement boundary,5.263,1.05,2.1,1.475,2.1,0.18,false,true
wagon-b,5,physics_box,Window lower metal collider,5.263,0.35,2.1,1.475,0.7,0.18,true,true
wagon-b,5,physics_box,Window upper metal collider,5.263,1.85,2.1,1.475,0.5,0.18,true,true
wagon-b,5,physics_box,Window edge post collider,4.645,1.05,2.1,0.24,2.1,0.18,true,true
wagon-b,5,physics_box,Window edge post collider,5.88,1.05,2.1,0.24,2.1,0.18,true,true
wagon-c,6,window_clear_opening,Window south 0,-5.263,1.15,-2.1,0.995,0.9,0.18,false,true
wagon-c,6,window_clear_opening,Window south 1,-1.9,1.15,-2.1,1.87,0.9,0.18,false,true
wagon-c,6,window_clear_opening,Window south 2,1.9,1.15,-2.1,1.87,0.9,0.18,false,true
wagon-c,6,window_clear_opening,Window south 3,5.263,1.15,-2.1,0.995,0.9,0.18,false,true
wagon-c,6,window_clear_opening,Window north 4,-5.263,1.15,2.1,0.995,0.9,0.18,false,true
wagon-c,6,window_clear_opening,Window north 5,-1.9,1.15,2.1,1.87,0.9,0.18,false,true
wagon-c,6,window_clear_opening,Window north 6,1.9,1.15,2.1,1.87,0.9,0.18,false,true
wagon-c,6,window_clear_opening,Window north 7,5.263,1.15,2.1,0.995,0.9,0.18,false,true
wagon-c,6,physics_box,Floor collider,0,-0.12,0,12,0.24,4.2,true,true
wagon-c,6,physics_box,End wall collider,-5.9,1.05,0,0.2,2.1,4.2,true,true
wagon-c,6,physics_box,End wall collider,5.9,1.05,0,0.2,2.1,4.2,true,true
wagon-c,6,physics_box,Movement blocker,-3.8,1.1,-2.1,1.45,2.2,0.16,false,true
wagon-c,6,physics_box,Lower panel,-3.8,0.3,-2.1,1.45,0.6,0.16,true,true
wagon-c,6,physics_box,Door jamb collider,-4.56,1.05,-2.1,0.07,2.1,0.18,true,true
wagon-c,6,physics_box,Door jamb collider,-3.04,1.05,-2.1,0.07,2.1,0.18,true,true
wagon-c,6,physics_box,Door top frame collider,-3.8,2.05,-2.1,1.45,0.1,0.18,true,true
wagon-c,6,physics_box,Sill,-3.8,-0.1,-2.2,1.45,0.2,0.25,true,true
wagon-c,6,physics_box,Movement blocker,-3.8,1.1,2.1,1.45,2.2,0.16,false,true
wagon-c,6,physics_box,Lower panel,-3.8,0.3,2.1,1.45,0.6,0.16,true,true
wagon-c,6,physics_box,Door jamb collider,-4.56,1.05,2.1,0.07,2.1,0.18,true,true
wagon-c,6,physics_box,Door jamb collider,-3.04,1.05,2.1,0.07,2.1,0.18,true,true
wagon-c,6,physics_box,Door top frame collider,-3.8,2.05,2.1,1.45,0.1,0.18,true,true
wagon-c,6,physics_box,Sill,-3.8,-0.1,2.2,1.45,0.2,0.25,true,true
wagon-c,6,physics_box,Movement blocker,0,1.1,-2.1,1.45,2.2,0.16,false,true
wagon-c,6,physics_box,Lower panel,0,0.3,-2.1,1.45,0.6,0.16,true,true
wagon-c,6,physics_box,Door jamb collider,-0.76,1.05,-2.1,0.07,2.1,0.18,true,true
wagon-c,6,physics_box,Door jamb collider,0.76,1.05,-2.1,0.07,2.1,0.18,true,true
wagon-c,6,physics_box,Door top frame collider,0,2.05,-2.1,1.45,0.1,0.18,true,true
wagon-c,6,physics_box,Sill,0,-0.1,-2.2,1.45,0.2,0.25,true,true
wagon-c,6,physics_box,Movement blocker,0,1.1,2.1,1.45,2.2,0.16,false,true
wagon-c,6,physics_box,Lower panel,0,0.3,2.1,1.45,0.6,0.16,true,true
wagon-c,6,physics_box,Door jamb collider,-0.76,1.05,2.1,0.07,2.1,0.18,true,true
wagon-c,6,physics_box,Door jamb collider,0.76,1.05,2.1,0.07,2.1,0.18,true,true
wagon-c,6,physics_box,Door top frame collider,0,2.05,2.1,1.45,0.1,0.18,true,true
wagon-c,6,physics_box,Sill,0,-0.1,2.2,1.45,0.2,0.25,true,true
wagon-c,6,physics_box,Movement blocker,3.8,1.1,-2.1,1.45,2.2,0.16,false,true
wagon-c,6,physics_box,Lower panel,3.8,0.3,-2.1,1.45,0.6,0.16,true,true
wagon-c,6,physics_box,Door jamb collider,3.04,1.05,-2.1,0.07,2.1,0.18,true,true
wagon-c,6,physics_box,Door jamb collider,4.56,1.05,-2.1,0.07,2.1,0.18,true,true
wagon-c,6,physics_box,Door top frame collider,3.8,2.05,-2.1,1.45,0.1,0.18,true,true
wagon-c,6,physics_box,Sill,3.8,-0.1,-2.2,1.45,0.2,0.25,true,true
wagon-c,6,physics_box,Movement blocker,3.8,1.1,2.1,1.45,2.2,0.16,false,true
wagon-c,6,physics_box,Lower panel,3.8,0.3,2.1,1.45,0.6,0.16,true,true
wagon-c,6,physics_box,Door jamb collider,3.04,1.05,2.1,0.07,2.1,0.18,true,true
wagon-c,6,physics_box,Door jamb collider,4.56,1.05,2.1,0.07,2.1,0.18,true,true
wagon-c,6,physics_box,Door top frame collider,3.8,2.05,2.1,1.45,0.1,0.18,true,true
wagon-c,6,physics_box,Sill,3.8,-0.1,2.2,1.45,0.2,0.25,true,true
wagon-c,6,physics_box,Window wall movement boundary,-5.263,1.05,-2.1,1.475,2.1,0.18,false,true
wagon-c,6,physics_box,Window lower metal collider,-5.263,0.35,-2.1,1.475,0.7,0.18,true,true
wagon-c,6,physics_box,Window upper metal collider,-5.263,1.85,-2.1,1.475,0.5,0.18,true,true
wagon-c,6,physics_box,Window edge post collider,-5.88,1.05,-2.1,0.24,2.1,0.18,true,true
wagon-c,6,physics_box,Window edge post collider,-4.645,1.05,-2.1,0.24,2.1,0.18,true,true
wagon-c,6,physics_box,Window wall movement boundary,-1.9,1.05,-2.1,2.35,2.1,0.18,false,true
wagon-c,6,physics_box,Window lower metal collider,-1.9,0.35,-2.1,2.35,0.7,0.18,true,true
wagon-c,6,physics_box,Window upper metal collider,-1.9,1.85,-2.1,2.35,0.5,0.18,true,true
wagon-c,6,physics_box,Window edge post collider,-2.955,1.05,-2.1,0.24,2.1,0.18,true,true
wagon-c,6,physics_box,Window edge post collider,-0.845,1.05,-2.1,0.24,2.1,0.18,true,true
wagon-c,6,physics_box,Window wall movement boundary,1.9,1.05,-2.1,2.35,2.1,0.18,false,true
wagon-c,6,physics_box,Window lower metal collider,1.9,0.35,-2.1,2.35,0.7,0.18,true,true
wagon-c,6,physics_box,Window upper metal collider,1.9,1.85,-2.1,2.35,0.5,0.18,true,true
wagon-c,6,physics_box,Window edge post collider,0.845,1.05,-2.1,0.24,2.1,0.18,true,true
wagon-c,6,physics_box,Window edge post collider,2.955,1.05,-2.1,0.24,2.1,0.18,true,true
wagon-c,6,physics_box,Window wall movement boundary,5.263,1.05,-2.1,1.475,2.1,0.18,false,true
wagon-c,6,physics_box,Window lower metal collider,5.263,0.35,-2.1,1.475,0.7,0.18,true,true
wagon-c,6,physics_box,Window upper metal collider,5.263,1.85,-2.1,1.475,0.5,0.18,true,true
wagon-c,6,physics_box,Window edge post collider,4.645,1.05,-2.1,0.24,2.1,0.18,true,true
wagon-c,6,physics_box,Window edge post collider,5.88,1.05,-2.1,0.24,2.1,0.18,true,true
wagon-c,6,physics_box,Window wall movement boundary,-5.263,1.05,2.1,1.475,2.1,0.18,false,true
wagon-c,6,physics_box,Window lower metal collider,-5.263,0.35,2.1,1.475,0.7,0.18,true,true
wagon-c,6,physics_box,Window upper metal collider,-5.263,1.85,2.1,1.475,0.5,0.18,true,true
wagon-c,6,physics_box,Window edge post collider,-5.88,1.05,2.1,0.24,2.1,0.18,true,true
wagon-c,6,physics_box,Window edge post collider,-4.645,1.05,2.1,0.24,2.1,0.18,true,true
wagon-c,6,physics_box,Window wall movement boundary,-1.9,1.05,2.1,2.35,2.1,0.18,false,true
wagon-c,6,physics_box,Window lower metal collider,-1.9,0.35,2.1,2.35,0.7,0.18,true,true
wagon-c,6,physics_box,Window upper metal collider,-1.9,1.85,2.1,2.35,0.5,0.18,true,true
wagon-c,6,physics_box,Window edge post collider,-2.955,1.05,2.1,0.24,2.1,0.18,true,true
wagon-c,6,physics_box,Window edge post collider,-0.845,1.05,2.1,0.24,2.1,0.18,true,true
wagon-c,6,physics_box,Window wall movement boundary,1.9,1.05,2.1,2.35,2.1,0.18,false,true
wagon-c,6,physics_box,Window lower metal collider,1.9,0.35,2.1,2.35,0.7,0.18,true,true
wagon-c,6,physics_box,Window upper metal collider,1.9,1.85,2.1,2.35,0.5,0.18,true,true
wagon-c,6,physics_box,Window edge post collider,0.845,1.05,2.1,0.24,2.1,0.18,true,true
wagon-c,6,physics_box,Window edge post collider,2.955,1.05,2.1,0.24,2.1,0.18,true,true
wagon-c,6,physics_box,Window wall movement boundary,5.263,1.05,2.1,1.475,2.1,0.18,false,true
wagon-c,6,physics_box,Window lower metal collider,5.263,0.35,2.1,1.475,0.7,0.18,true,true
wagon-c,6,physics_box,Window upper metal collider,5.263,1.85,2.1,1.475,0.5,0.18,true,true
wagon-c,6,physics_box,Window edge post collider,4.645,1.05,2.1,0.24,2.1,0.18,true,true
wagon-c,6,physics_box,Window edge post collider,5.88,1.05,2.1,0.24,2.1,0.18,true,true
wagon-d,5,window_clear_opening,Window south 0,-5.263,1.15,-2.1,0.995,0.9,0.18,false,true
wagon-d,5,window_clear_opening,Window south 1,-1.9,1.15,-2.1,1.87,0.9,0.18,false,true
wagon-d,5,window_clear_opening,Window south 2,1.9,1.15,-2.1,1.87,0.9,0.18,false,true
wagon-d,5,window_clear_opening,Window south 3,5.263,1.15,-2.1,0.995,0.9,0.18,false,true
wagon-d,5,window_clear_opening,Window north 4,-5.263,1.15,2.1,0.995,0.9,0.18,false,true
wagon-d,5,window_clear_opening,Window north 5,-1.93,1.15,2.1,1.81,0.9,0.18,false,true
wagon-d,5,window_clear_opening,Window north 6,0,1.15,2.1,1.81,0.9,0.18,false,true
wagon-d,5,window_clear_opening,Window north 7,1.93,1.15,2.1,1.81,0.9,0.18,false,true
wagon-d,5,window_clear_opening,Window north 8,5.263,1.15,2.1,0.995,0.9,0.18,false,true
wagon-d,5,physics_box,Floor collider,0,-0.12,0,12,0.24,4.2,true,true
wagon-d,5,physics_box,End wall collider,-5.9,1.05,0,0.2,2.1,4.2,true,true
wagon-d,5,physics_box,End wall collider,5.9,1.05,0,0.2,2.1,4.2,true,true
wagon-d,5,physics_box,Movement blocker,-3.8,1.1,-2.1,1.45,2.2,0.16,false,true
wagon-d,5,physics_box,Lower panel,-3.8,0.3,-2.1,1.45,0.6,0.16,true,true
wagon-d,5,physics_box,Door jamb collider,-4.56,1.05,-2.1,0.07,2.1,0.18,true,true
wagon-d,5,physics_box,Door jamb collider,-3.04,1.05,-2.1,0.07,2.1,0.18,true,true
wagon-d,5,physics_box,Door top frame collider,-3.8,2.05,-2.1,1.45,0.1,0.18,true,true
wagon-d,5,physics_box,Sill,-3.8,-0.1,-2.2,1.45,0.2,0.25,true,true
wagon-d,5,physics_box,Movement blocker,-3.8,1.1,2.1,1.45,2.2,0.16,false,true
wagon-d,5,physics_box,Lower panel,-3.8,0.3,2.1,1.45,0.6,0.16,true,true
wagon-d,5,physics_box,Door jamb collider,-4.56,1.05,2.1,0.07,2.1,0.18,true,true
wagon-d,5,physics_box,Door jamb collider,-3.04,1.05,2.1,0.07,2.1,0.18,true,true
wagon-d,5,physics_box,Door top frame collider,-3.8,2.05,2.1,1.45,0.1,0.18,true,true
wagon-d,5,physics_box,Sill,-3.8,-0.1,2.2,1.45,0.2,0.25,true,true
wagon-d,5,physics_box,Movement blocker,0,1.1,-2.1,1.45,2.2,0.16,false,true
wagon-d,5,physics_box,Lower panel,0,0.3,-2.1,1.45,0.6,0.16,true,true
wagon-d,5,physics_box,Door jamb collider,-0.76,1.05,-2.1,0.07,2.1,0.18,true,true
wagon-d,5,physics_box,Door jamb collider,0.76,1.05,-2.1,0.07,2.1,0.18,true,true
wagon-d,5,physics_box,Door top frame collider,0,2.05,-2.1,1.45,0.1,0.18,true,true
wagon-d,5,physics_box,Sill,0,-0.1,-2.2,1.45,0.2,0.25,true,true
wagon-d,5,physics_box,Movement blocker,3.8,1.1,-2.1,1.45,2.2,0.16,false,true
wagon-d,5,physics_box,Lower panel,3.8,0.3,-2.1,1.45,0.6,0.16,true,true
wagon-d,5,physics_box,Door jamb collider,3.04,1.05,-2.1,0.07,2.1,0.18,true,true
wagon-d,5,physics_box,Door jamb collider,4.56,1.05,-2.1,0.07,2.1,0.18,true,true
wagon-d,5,physics_box,Door top frame collider,3.8,2.05,-2.1,1.45,0.1,0.18,true,true
wagon-d,5,physics_box,Sill,3.8,-0.1,-2.2,1.45,0.2,0.25,true,true
wagon-d,5,physics_box,Movement blocker,3.8,1.1,2.1,1.45,2.2,0.16,false,true
wagon-d,5,physics_box,Lower panel,3.8,0.3,2.1,1.45,0.6,0.16,true,true
wagon-d,5,physics_box,Door jamb collider,3.04,1.05,2.1,0.07,2.1,0.18,true,true
wagon-d,5,physics_box,Door jamb collider,4.56,1.05,2.1,0.07,2.1,0.18,true,true
wagon-d,5,physics_box,Door top frame collider,3.8,2.05,2.1,1.45,0.1,0.18,true,true
wagon-d,5,physics_box,Sill,3.8,-0.1,2.2,1.45,0.2,0.25,true,true
wagon-d,5,physics_box,Window wall movement boundary,-5.263,1.05,-2.1,1.475,2.1,0.18,false,true
wagon-d,5,physics_box,Window lower metal collider,-5.263,0.35,-2.1,1.475,0.7,0.18,true,true
wagon-d,5,physics_box,Window upper metal collider,-5.263,1.85,-2.1,1.475,0.5,0.18,true,true
wagon-d,5,physics_box,Window edge post collider,-5.88,1.05,-2.1,0.24,2.1,0.18,true,true
wagon-d,5,physics_box,Window edge post collider,-4.645,1.05,-2.1,0.24,2.1,0.18,true,true
wagon-d,5,physics_box,Window wall movement boundary,-1.9,1.05,-2.1,2.35,2.1,0.18,false,true
wagon-d,5,physics_box,Window lower metal collider,-1.9,0.35,-2.1,2.35,0.7,0.18,true,true
wagon-d,5,physics_box,Window upper metal collider,-1.9,1.85,-2.1,2.35,0.5,0.18,true,true
wagon-d,5,physics_box,Window edge post collider,-2.955,1.05,-2.1,0.24,2.1,0.18,true,true
wagon-d,5,physics_box,Window edge post collider,-0.845,1.05,-2.1,0.24,2.1,0.18,true,true
wagon-d,5,physics_box,Window wall movement boundary,1.9,1.05,-2.1,2.35,2.1,0.18,false,true
wagon-d,5,physics_box,Window lower metal collider,1.9,0.35,-2.1,2.35,0.7,0.18,true,true
wagon-d,5,physics_box,Window upper metal collider,1.9,1.85,-2.1,2.35,0.5,0.18,true,true
wagon-d,5,physics_box,Window edge post collider,0.845,1.05,-2.1,0.24,2.1,0.18,true,true
wagon-d,5,physics_box,Window edge post collider,2.955,1.05,-2.1,0.24,2.1,0.18,true,true
wagon-d,5,physics_box,Window wall movement boundary,5.263,1.05,-2.1,1.475,2.1,0.18,false,true
wagon-d,5,physics_box,Window lower metal collider,5.263,0.35,-2.1,1.475,0.7,0.18,true,true
wagon-d,5,physics_box,Window upper metal collider,5.263,1.85,-2.1,1.475,0.5,0.18,true,true
wagon-d,5,physics_box,Window edge post collider,4.645,1.05,-2.1,0.24,2.1,0.18,true,true
wagon-d,5,physics_box,Window edge post collider,5.88,1.05,-2.1,0.24,2.1,0.18,true,true
wagon-d,5,physics_box,Window wall movement boundary,-5.263,1.05,2.1,1.475,2.1,0.18,false,true
wagon-d,5,physics_box,Window lower metal collider,-5.263,0.35,2.1,1.475,0.7,0.18,true,true
wagon-d,5,physics_box,Window upper metal collider,-5.263,1.85,2.1,1.475,0.5,0.18,true,true
wagon-d,5,physics_box,Window edge post collider,-5.88,1.05,2.1,0.24,2.1,0.18,true,true
wagon-d,5,physics_box,Window edge post collider,-4.645,1.05,2.1,0.24,2.1,0.18,true,true
wagon-d,5,physics_box,Window wall movement boundary,0,1.05,2.1,6.15,2.1,0.18,false,true
wagon-d,5,physics_box,Window lower metal collider,0,0.35,2.1,6.15,0.7,0.18,true,true
wagon-d,5,physics_box,Window upper metal collider,0,1.85,2.1,6.15,0.5,0.18,true,true
wagon-d,5,physics_box,Window edge post collider,-2.955,1.05,2.1,0.24,2.1,0.18,true,true
wagon-d,5,physics_box,Window edge post collider,2.955,1.05,2.1,0.24,2.1,0.18,true,true
wagon-d,5,physics_box,Window middle post collider,-0.965,1.05,2.1,0.12,2.1,0.18,true,true
wagon-d,5,physics_box,Window middle post collider,0.965,1.05,2.1,0.12,2.1,0.18,true,true
wagon-d,5,physics_box,Window wall movement boundary,5.263,1.05,2.1,1.475,2.1,0.18,false,true
wagon-d,5,physics_box,Window lower metal collider,5.263,0.35,2.1,1.475,0.7,0.18,true,true
wagon-d,5,physics_box,Window upper metal collider,5.263,1.85,2.1,1.475,0.5,0.18,true,true
wagon-d,5,physics_box,Window edge post collider,4.645,1.05,2.1,0.24,2.1,0.18,true,true
wagon-d,5,physics_box,Window edge post collider,5.88,1.05,2.1,0.24,2.1,0.18,true,true
wagon-e,4,window_clear_opening,Window south 0,-5.263,1.15,-2.1,0.995,0.9,0.18,false,true
wagon-e,4,window_clear_opening,Window south 1,-1.93,1.15,-2.1,1.81,0.9,0.18,false,true
wagon-e,4,window_clear_opening,Window south 2,0,1.15,-2.1,1.81,0.9,0.18,false,true
wagon-e,4,window_clear_opening,Window south 3,1.93,1.15,-2.1,1.81,0.9,0.18,false,true
wagon-e,4,window_clear_opening,Window south 4,5.263,1.15,-2.1,0.995,0.9,0.18,false,true
wagon-e,4,window_clear_opening,Window north 5,-5.263,1.15,2.1,0.995,0.9,0.18,false,true
wagon-e,4,window_clear_opening,Window north 6,-1.93,1.15,2.1,1.81,0.9,0.18,false,true
wagon-e,4,window_clear_opening,Window north 7,0,1.15,2.1,1.81,0.9,0.18,false,true
wagon-e,4,window_clear_opening,Window north 8,1.93,1.15,2.1,1.81,0.9,0.18,false,true
wagon-e,4,window_clear_opening,Window north 9,5.263,1.15,2.1,0.995,0.9,0.18,false,true
wagon-e,4,physics_box,Floor collider,0,-0.12,0,12,0.24,4.2,true,true
wagon-e,4,physics_box,End wall collider,-5.9,1.05,0,0.2,2.1,4.2,true,true
wagon-e,4,physics_box,End wall collider,5.9,1.05,0,0.2,2.1,4.2,true,true
wagon-e,4,physics_box,Movement blocker,-3.8,1.1,-2.1,1.45,2.2,0.16,false,true
wagon-e,4,physics_box,Lower panel,-3.8,0.3,-2.1,1.45,0.6,0.16,true,true
wagon-e,4,physics_box,Door jamb collider,-4.56,1.05,-2.1,0.07,2.1,0.18,true,true
wagon-e,4,physics_box,Door jamb collider,-3.04,1.05,-2.1,0.07,2.1,0.18,true,true
wagon-e,4,physics_box,Door top frame collider,-3.8,2.05,-2.1,1.45,0.1,0.18,true,true
wagon-e,4,physics_box,Sill,-3.8,-0.1,-2.2,1.45,0.2,0.25,true,true
wagon-e,4,physics_box,Movement blocker,-3.8,1.1,2.1,1.45,2.2,0.16,false,true
wagon-e,4,physics_box,Lower panel,-3.8,0.3,2.1,1.45,0.6,0.16,true,true
wagon-e,4,physics_box,Door jamb collider,-4.56,1.05,2.1,0.07,2.1,0.18,true,true
wagon-e,4,physics_box,Door jamb collider,-3.04,1.05,2.1,0.07,2.1,0.18,true,true
wagon-e,4,physics_box,Door top frame collider,-3.8,2.05,2.1,1.45,0.1,0.18,true,true
wagon-e,4,physics_box,Sill,-3.8,-0.1,2.2,1.45,0.2,0.25,true,true
wagon-e,4,physics_box,Movement blocker,3.8,1.1,-2.1,1.45,2.2,0.16,false,true
wagon-e,4,physics_box,Lower panel,3.8,0.3,-2.1,1.45,0.6,0.16,true,true
wagon-e,4,physics_box,Door jamb collider,3.04,1.05,-2.1,0.07,2.1,0.18,true,true
wagon-e,4,physics_box,Door jamb collider,4.56,1.05,-2.1,0.07,2.1,0.18,true,true
wagon-e,4,physics_box,Door top frame collider,3.8,2.05,-2.1,1.45,0.1,0.18,true,true
wagon-e,4,physics_box,Sill,3.8,-0.1,-2.2,1.45,0.2,0.25,true,true
wagon-e,4,physics_box,Movement blocker,3.8,1.1,2.1,1.45,2.2,0.16,false,true
wagon-e,4,physics_box,Lower panel,3.8,0.3,2.1,1.45,0.6,0.16,true,true
wagon-e,4,physics_box,Door jamb collider,3.04,1.05,2.1,0.07,2.1,0.18,true,true
wagon-e,4,physics_box,Door jamb collider,4.56,1.05,2.1,0.07,2.1,0.18,true,true
wagon-e,4,physics_box,Door top frame collider,3.8,2.05,2.1,1.45,0.1,0.18,true,true
wagon-e,4,physics_box,Sill,3.8,-0.1,2.2,1.45,0.2,0.25,true,true
wagon-e,4,physics_box,Window wall movement boundary,-5.263,1.05,-2.1,1.475,2.1,0.18,false,true
wagon-e,4,physics_box,Window lower metal collider,-5.263,0.35,-2.1,1.475,0.7,0.18,true,true
wagon-e,4,physics_box,Window upper metal collider,-5.263,1.85,-2.1,1.475,0.5,0.18,true,true
wagon-e,4,physics_box,Window edge post collider,-5.88,1.05,-2.1,0.24,2.1,0.18,true,true
wagon-e,4,physics_box,Window edge post collider,-4.645,1.05,-2.1,0.24,2.1,0.18,true,true
wagon-e,4,physics_box,Window wall movement boundary,0,1.05,-2.1,6.15,2.1,0.18,false,true
wagon-e,4,physics_box,Window lower metal collider,0,0.35,-2.1,6.15,0.7,0.18,true,true
wagon-e,4,physics_box,Window upper metal collider,0,1.85,-2.1,6.15,0.5,0.18,true,true
wagon-e,4,physics_box,Window edge post collider,-2.955,1.05,-2.1,0.24,2.1,0.18,true,true
wagon-e,4,physics_box,Window edge post collider,2.955,1.05,-2.1,0.24,2.1,0.18,true,true
wagon-e,4,physics_box,Window middle post collider,-0.965,1.05,-2.1,0.12,2.1,0.18,true,true
wagon-e,4,physics_box,Window middle post collider,0.965,1.05,-2.1,0.12,2.1,0.18,true,true
wagon-e,4,physics_box,Window wall movement boundary,5.263,1.05,-2.1,1.475,2.1,0.18,false,true
wagon-e,4,physics_box,Window lower metal collider,5.263,0.35,-2.1,1.475,0.7,0.18,true,true
wagon-e,4,physics_box,Window upper metal collider,5.263,1.85,-2.1,1.475,0.5,0.18,true,true
wagon-e,4,physics_box,Window edge post collider,4.645,1.05,-2.1,0.24,2.1,0.18,true,true
wagon-e,4,physics_box,Window edge post collider,5.88,1.05,-2.1,0.24,2.1,0.18,true,true
wagon-e,4,physics_box,Window wall movement boundary,-5.263,1.05,2.1,1.475,2.1,0.18,false,true
wagon-e,4,physics_box,Window lower metal collider,-5.263,0.35,2.1,1.475,0.7,0.18,true,true
wagon-e,4,physics_box,Window upper metal collider,-5.263,1.85,2.1,1.475,0.5,0.18,true,true
wagon-e,4,physics_box,Window edge post collider,-5.88,1.05,2.1,0.24,2.1,0.18,true,true
wagon-e,4,physics_box,Window edge post collider,-4.645,1.05,2.1,0.24,2.1,0.18,true,true
wagon-e,4,physics_box,Window wall movement boundary,0,1.05,2.1,6.15,2.1,0.18,false,true
wagon-e,4,physics_box,Window lower metal collider,0,0.35,2.1,6.15,0.7,0.18,true,true
wagon-e,4,physics_box,Window upper metal collider,0,1.85,2.1,6.15,0.5,0.18,true,true
wagon-e,4,physics_box,Window edge post collider,-2.955,1.05,2.1,0.24,2.1,0.18,true,true
wagon-e,4,physics_box,Window edge post collider,2.955,1.05,2.1,0.24,2.1,0.18,true,true
wagon-e,4,physics_box,Window middle post collider,-0.965,1.05,2.1,0.12,2.1,0.18,true,true
wagon-e,4,physics_box,Window middle post collider,0.965,1.05,2.1,0.12,2.1,0.18,true,true
wagon-e,4,physics_box,Window wall movement boundary,5.263,1.05,2.1,1.475,2.1,0.18,false,true
wagon-e,4,physics_box,Window lower metal collider,5.263,0.35,2.1,1.475,0.7,0.18,true,true
wagon-e,4,physics_box,Window upper metal collider,5.263,1.85,2.1,1.475,0.5,0.18,true,true
wagon-e,4,physics_box,Window edge post collider,4.645,1.05,2.1,0.24,2.1,0.18,true,true
wagon-e,4,physics_box,Window edge post collider,5.88,1.05,2.1,0.24,2.1,0.18,true,true
