wagon,slot,localX,localY,localZ,bodyWidth,bodyHeight,bodyDepth,muzzleLocalY
wagon-a,wagon-a-pad-1,-3.15,0,-1.25,0.56,0.6,0.56,0.95
wagon-a,wagon-a-pad-2,-3.15,0,1.25,0.56,0.6,0.56,0.95
wagon-a,wagon-a-pad-3,3.15,0,-1.25,0.56,0.6,0.56,0.95
wagon-a,wagon-a-pad-4,3.15,0,1.25,0.56,0.6,0.56,0.95
wagon-b,wagon-b-pad-1,-3.15,0,-1.25,0.56,0.6,0.56,0.95
wagon-b,wagon-b-pad-2,-3.15,0,1.25,0.56,0.6,0.56,0.95
wagon-b,wagon-b-pad-3,0.65,0,-1.25,0.56,0.6,0.56,0.95
wagon-b,wagon-b-pad-4,3.15,0,-1.25,0.56,0.6,0.56,0.95
wagon-b,wagon-b-pad-5,3.15,0,1.25,0.56,0.6,0.56,0.95
wagon-c,wagon-c-pad-1,-3.15,0,-1.25,0.56,0.6,0.56,0.95
wagon-c,wagon-c-pad-2,-3.15,0,1.25,0.56,0.6,0.56,0.95
wagon-c,wagon-c-pad-3,0.65,0,-1.25,0.56,0.6,0.56,0.95
wagon-c,wagon-c-pad-4,0.65,0,1.25,0.56,0.6,0.56,0.95
wagon-c,wagon-c-pad-5,3.15,0,-1.25,0.56,0.6,0.56,0.95
wagon-c,wagon-c-pad-6,3.15,0,1.25,0.56,0.6,0.56,0.95
wagon-d,wagon-d-pad-1,-3.15,0,-1.25,0.56,0.6,0.56,0.95
wagon-d,wagon-d-pad-2,-3.15,0,1.25,0.56,0.6,0.56,0.95
wagon-d,wagon-d-pad-3,0.65,0,-1.25,0.56,0.6,0.56,0.95
wagon-d,wagon-d-pad-4,3.15,0,-1.25,0.56,0.6,0.56,0.95
wagon-d,wagon-d-pad-5,3.15,0,1.25,0.56,0.6,0.56,0.95
wagon-e,wagon-e-pad-1,-3.15,0,-1.25,0.56,0.6,0.56,0.95
wagon-e,wagon-e-pad-2,-3.15,0,1.25,0.56,0.6,0.56,0.95
wagon-e,wagon-e-pad-3,3.15,0,-1.25,0.56,0.6,0.56,0.95
wagon-e,wagon-e-pad-4,3.15,0,1.25,0.56,0.6,0.56,0.95
